Time,Open,High,Low,Close,Close_eurjpy,Close_audjpy,Close_gbpjpy
2023/1/1 13:00,130.925,130.962,130.743,130.759,#N/A,88.864,#N/A
2023/1/1 14:00,130.771,130.886,130.716,130.87,139.99,89.207,158.152
2023/1/1 15:00,130.886,131.041,130.788,130.821,140.06,88.994,158.122
2023/1/1 16:00,130.822,130.932,130.785,130.919,139.921,89.109,158.102
2023/1/1 17:00,130.894,130.999,130.894,130.963,139.995,89.133,158.076
2023/1/1 18:00,130.963,130.989,130.879,130.895,139.926,89.067,157.965
2023/1/1 19:00,130.896,130.93,130.879,130.914,140.057,89.009,158.021
2023/1/1 20:00,130.911,130.957,130.886,130.916,139.941,89.074,158.006
2023/1/1 21:00,130.92,130.985,130.898,130.939,139.769,89.049,158.046
2023/1/1 22:00,130.939,130.973,130.904,130.935,139.83,89.035,157.915
2023/1/1 23:00,130.939,130.957,130.908,130.926,139.831,89.042,157.703
2023/1/2 0:00,130.926,130.954,130.852,130.867,139.762,88.922,157.615
2023/1/2 1:00,130.866,130.873,130.752,130.782,139.734,88.872,157.608
2023/1/2 2:00,130.778,130.878,130.761,130.766,139.731,88.987,157.585
2023/1/2 3:00,130.766,130.796,130.702,130.727,139.647,89.005,157.542
2023/1/2 4:00,130.73,130.747,130.617,130.642,139.525,88.905,157.432
2023/1/2 5:00,130.642,130.771,130.633,130.707,139.527,89.049,157.503
2023/1/2 6:00,130.705,130.831,130.697,130.774,139.418,89.159,157.492
2023/1/2 7:00,130.774,130.843,130.668,130.743,139.331,89.09,157.493
2023/1/2 8:00,130.745,130.81,130.725,130.767,139.416,89.105,157.529
2023/1/2 9:00,130.771,130.789,130.741,130.769,139.295,89.035,157.513
2023/1/2 10:00,130.769,130.772,130.724,130.726,139.291,89.005,157.457
2023/1/2 11:00,130.726,130.73,130.696,130.697,139.397,88.801,157.42
2023/1/2 12:00,130.697,130.746,130.598,130.608,139.23,88.793,157.279
2023/1/2 13:00,130.641,130.725,130.631,130.699,139.414,88.802,157.421
2023/1/2 14:00,130.699,131.403,130.535,130.79,139.635,89.038,157.766
2023/1/2 15:00,130.789,130.903,130.57,130.606,139.365,88.759,157.429
2023/1/2 16:00,130.612,130.714,129.807,130.148,138.733,88.257,156.835
2023/1/2 17:00,130.15,130.305,129.78,129.92,138.711,88.49,156.923
2023/1/2 18:00,129.922,129.982,129.678,129.782,138.504,88.654,156.689
2023/1/2 19:00,129.781,129.799,129.507,129.592,138.237,88.47,156.446
2023/1/2 20:00,129.592,129.952,129.55,129.813,138.429,88.219,156.672
2023/1/2 21:00,129.812,130.058,129.613,129.841,138.307,88.305,156.622
2023/1/2 22:00,129.84,130.248,129.779,130.107,138.219,88.301,156.49
2023/1/2 23:00,130.107,130.956,130.095,130.78,137.995,87.785,155.781
2023/1/3 0:00,130.779,130.802,130.309,130.416,137.554,87.657,155.494
2023/1/3 1:00,130.413,130.732,130.361,130.689,137.629,87.608,155.629
2023/1/3 2:00,130.688,130.885,130.625,130.874,137.789,87.658,156.144
2023/1/3 3:00,130.874,131.198,130.829,130.974,137.988,87.825,156.581
2023/1/3 4:00,130.975,131.002,130.588,130.654,137.97,88.029,156.687
2023/1/3 5:00,130.654,130.793,130.055,130.185,137.659,87.864,156.602
2023/1/3 6:00,130.185,130.932,130.183,130.739,138,88.158,157
2023/1/3 7:00,130.741,131.107,130.621,130.832,138.134,88.037,156.582
2023/1/3 8:00,130.833,130.882,130.722,130.792,137.937,87.994,156.477
2023/1/3 9:00,130.789,130.812,130.6,130.621,137.891,87.947,156.469
2023/1/3 10:00,130.62,130.789,130.572,130.777,138.181,88.09,156.719
2023/1/3 11:00,130.778,130.963,130.749,130.959,138.186,88.117,156.793
2023/1/3 12:00,130.962,131.036,130.885,131.007,138.146,88.09,156.74
2023/1/3 13:00,130.991,131.029,130.953,130.974,138.162,88.097,156.709
2023/1/3 14:00,130.987,131.466,130.969,131.293,138.455,88.296,157.102
2023/1/3 15:00,131.296,131.304,130.819,131.014,138.325,88.348,157.074
2023/1/3 16:00,131.014,131.216,130.577,130.642,138.049,88.371,156.684
2023/1/3 17:00,130.644,130.934,130.628,130.815,138.2,88.521,156.772
2023/1/3 18:00,130.815,130.857,130.615,130.646,138.076,88.607,156.623
2023/1/3 19:00,130.643,130.95,130.64,130.827,138.319,89.026,156.881
2023/1/3 20:00,130.827,130.995,130.75,130.848,138.292,88.994,156.807
2023/1/3 21:00,130.848,130.877,130.68,130.729,138.182,88.94,156.686
2023/1/3 22:00,130.729,130.754,130.113,130.245,137.979,89.11,156.629
2023/1/3 23:00,130.249,130.529,129.923,130.503,138.543,89.665,157.182
2023/1/4 0:00,130.504,130.628,130.272,130.418,138.386,89.61,157.277
2023/1/4 1:00,130.418,130.568,130.418,130.426,138.525,89.723,157.388
2023/1/4 2:00,130.429,130.592,130.276,130.53,138.418,89.697,157.348
2023/1/4 3:00,130.531,130.976,130.515,130.833,138.773,89.705,157.627
2023/1/4 4:00,130.832,130.922,130.581,130.708,138.685,89.856,157.576
2023/1/4 5:00,130.706,131.126,130.697,131.006,139.162,90.06,158.089
2023/1/4 6:00,131.005,132.086,130.966,132.012,139.971,90.473,158.998
2023/1/4 7:00,132.011,132.19,131.937,132.002,140.17,90.529,159.188
2023/1/4 8:00,132.003,132.712,131.996,132.55,140.594,90.727,159.919
2023/1/4 9:00,132.548,132.595,132.384,132.475,140.401,90.543,159.803
2023/1/4 10:00,132.476,132.715,132.427,132.61,140.635,90.697,159.914
2023/1/4 11:00,132.611,132.691,132.485,132.681,140.683,90.719,159.991
2023/1/4 12:00,132.682,132.714,132.611,132.611,140.615,90.636,159.894
2023/1/4 13:00,132.611,132.611,132.367,132.367,140.386,90.461,159.592
2023/1/4 14:00,132.368,132.458,132.062,132.249,140.275,90.312,159.442
2023/1/4 15:00,132.243,132.314,131.811,131.878,140.182,90.087,159.219
2023/1/4 16:00,131.879,132.01,131.681,131.969,140.159,90.252,159.194
2023/1/4 17:00,131.971,132.197,131.922,131.979,140.139,89.959,159.008
2023/1/4 18:00,131.979,132.383,131.934,132.343,140.386,90.026,159.298
2023/1/4 19:00,132.344,132.425,132.191,132.307,140.313,90.161,159.266
2023/1/4 20:00,132.307,132.623,132.295,132.481,140.57,90.381,159.465
2023/1/4 21:00,132.485,132.572,132.243,132.436,140.439,90.272,159.231
2023/1/4 22:00,132.435,132.612,132.265,132.482,140.507,90.211,159.075
2023/1/4 23:00,132.482,132.901,132.429,132.588,140.817,90.431,159.373
2023/1/5 0:00,132.589,132.695,132.422,132.531,140.806,90.457,159.443
2023/1/5 1:00,132.532,132.634,132.38,132.479,140.684,90.455,159.315
2023/1/5 2:00,132.479,132.597,132.321,132.451,140.555,90.519,159.233
2023/1/5 3:00,132.452,132.765,132.389,132.76,140.726,90.666,159.333
2023/1/5 4:00,132.761,133.72,132.736,133.685,141.079,90.602,159.34
2023/1/5 5:00,133.684,133.786,133.467,133.742,140.96,90.474,159.245
2023/1/5 6:00,133.741,134.053,133.599,133.869,140.815,90.208,159.047
2023/1/5 7:00,133.869,133.913,133.47,133.575,140.542,90.065,158.959
2023/1/5 8:00,133.575,133.576,133.07,133.245,140.317,89.881,158.657
2023/1/5 9:00,133.244,133.326,132.951,133.116,140.261,90.058,158.794
2023/1/5 10:00,133.115,133.299,133.105,133.186,140.256,90.005,158.726
2023/1/5 11:00,133.186,133.366,133.185,133.363,140.302,90.046,158.831
2023/1/5 12:00,133.362,133.44,133.349,133.399,140.352,90.045,158.863
2023/1/5 13:00,133.4,133.428,133.376,133.4,140.347,90.069,158.854
2023/1/5 14:00,133.4,133.518,133.269,133.318,140.271,90.027,158.755
2023/1/5 15:00,133.318,133.637,133.301,133.536,140.609,90.421,159.23
2023/1/5 16:00,133.536,133.806,133.482,133.804,140.832,90.455,159.465
2023/1/5 17:00,133.805,133.823,133.579,133.642,140.69,90.372,159.366
2023/1/5 18:00,133.642,133.943,133.629,133.815,140.948,90.639,159.619
2023/1/5 19:00,133.815,133.923,133.776,133.912,140.943,90.634,159.666
2023/1/5 20:00,133.911,134.368,133.848,134.155,141.073,90.631,159.69
2023/1/5 21:00,134.166,134.198,133.97,134.024,140.897,90.605,159.571
2023/1/5 22:00,134.022,134.321,133.701,134.221,141.108,90.592,159.599
2023/1/5 23:00,134.22,134.443,134.149,134.347,141.32,90.71,159.69
2023/1/6 0:00,134.347,134.59,134.28,134.41,141.237,90.613,159.38
2023/1/6 1:00,134.411,134.411,134.219,134.359,141.187,90.556,159.281
2023/1/6 2:00,134.358,134.624,134.261,134.527,141.186,90.527,159.379
2023/1/6 3:00,134.527,134.688,134.462,134.671,141.337,90.625,159.707
2023/1/6 4:00,134.67,134.773,133.231,133.371,140.613,90.538,159.058
2023/1/6 5:00,133.37,134.098,133.259,133.989,140.824,90.414,159.309
2023/1/6 6:00,133.989,133.989,132.353,132.432,140.412,90.591,159.529
2023/1/6 7:00,132.432,132.544,132.182,132.209,140.395,90.741,159.478
2023/1/6 8:00,132.21,132.345,132.078,132.107,140.543,90.744,159.647
2023/1/6 9:00,132.108,132.21,132.049,132.097,140.527,90.819,159.599
2023/1/6 10:00,132.096,132.11,131.993,132.033,140.562,90.851,159.716
2023/1/6 11:00,132.033,132.126,132.031,132.094,140.64,90.933,159.769
2023/1/6 12:00,132.095,132.161,132.012,132.03,140.6,90.791,159.75
2023/1/8 13:00,131.899,132.128,131.879,132.125,140.605,90.829,159.678
2023/1/8 14:00,132.125,132.285,131.786,131.802,140.534,90.889,159.739
2023/1/8 15:00,131.805,132.112,131.707,131.828,140.551,90.958,159.622
2023/1/8 16:00,131.828,131.996,131.589,131.74,140.526,90.94,159.58
2023/1/8 17:00,131.74,131.784,131.341,131.347,140.242,90.964,159.386
2023/1/8 18:00,131.35,131.643,131.304,131.627,140.413,91.01,159.56
2023/1/8 19:00,131.628,131.727,131.533,131.699,140.614,91.233,159.898
2023/1/8 20:00,131.699,131.912,131.684,131.843,140.772,91.426,160.132
2023/1/8 21:00,131.842,131.944,131.712,131.803,140.781,91.388,160.101
2023/1/8 22:00,131.803,132.37,131.614,132.228,141.128,91.448,160.518
2023/1/8 23:00,132.23,132.271,131.989,132.145,141.264,91.528,160.639
2023/1/9 0:00,132.144,132.572,132.135,132.44,141.339,91.722,161.02
2023/1/9 1:00,132.439,132.653,132.365,132.618,141.483,91.619,160.647
2023/1/9 2:00,132.618,132.639,132.366,132.508,141.574,91.612,160.914
2023/1/9 3:00,132.513,132.515,132.125,132.283,141.391,91.552,160.567
2023/1/9 4:00,132.283,132.283,131.724,131.781,141.335,91.361,160.347
2023/1/9 5:00,131.782,132.065,131.684,131.879,141.478,91.48,160.72
2023/1/9 6:00,131.878,132.067,131.833,131.945,141.709,91.597,160.848
2023/1/9 7:00,131.947,131.952,131.553,131.579,141.555,91.41,160.583
2023/1/9 8:00,131.58,131.934,131.552,131.761,141.643,91.401,160.671
2023/1/9 9:00,131.761,131.88,131.682,131.85,141.649,91.314,160.682
2023/1/9 10:00,131.85,131.855,131.531,131.566,141.455,91.239,160.554
2023/1/9 11:00,131.566,131.878,131.564,131.797,141.429,91.103,160.526
2023/1/9 12:00,131.797,131.895,131.779,131.867,141.449,91.115,160.665
2023/1/9 13:00,131.86,131.908,131.738,131.869,141.539,91.11,160.624
2023/1/9 14:00,131.869,131.92,131.587,131.729,141.383,91.013,160.482
2023/1/9 15:00,131.731,132.221,131.67,131.7,141.284,91.017,160.327
2023/1/9 16:00,131.7,131.736,131.38,131.518,141.2,91.069,160.183
2023/1/9 17:00,131.518,131.895,131.485,131.788,141.42,90.978,160.364
2023/1/9 18:00,131.788,131.917,131.777,131.83,141.486,90.996,160.404
2023/1/9 19:00,131.828,132.016,131.813,131.984,141.627,91.119,160.487
2023/1/9 20:00,131.984,132.031,131.661,131.772,141.554,91.078,160.42
2023/1/9 21:00,131.772,132.004,131.733,131.917,141.597,91.123,160.547
2023/1/9 22:00,131.917,132.29,131.862,132.22,141.888,91.187,160.632
2023/1/9 23:00,132.221,132.226,131.729,131.833,141.572,91.034,160.403
2023/1/10 0:00,131.833,131.945,131.689,131.82,141.654,90.95,160.599
2023/1/10 1:00,131.821,132.008,131.814,131.972,141.688,90.975,160.627
2023/1/10 2:00,131.972,132.182,131.966,132.046,141.75,90.898,160.492
2023/1/10 3:00,132.045,132.444,132.04,132.384,141.905,90.868,160.538
2023/1/10 4:00,132.383,132.477,132.221,132.29,141.838,90.932,160.552
2023/1/10 5:00,132.289,132.289,131.726,132.008,141.781,90.979,160.457
2023/1/10 6:00,132.011,132.325,131.921,132.174,141.792,90.952,160.553
2023/1/10 7:00,132.174,132.346,132.07,132.252,141.987,91.024,160.72
2023/1/10 8:00,132.253,132.271,132.092,132.208,141.898,91.019,160.607
2023/1/10 9:00,132.207,132.302,132.148,132.26,142.021,91.138,160.842
2023/1/10 10:00,132.261,132.286,132.163,132.23,142.022,91.163,160.836
2023/1/10 11:00,132.23,132.248,132.151,132.234,141.969,91.152,160.677
2023/1/10 12:00,132.233,132.27,132.173,132.243,141.934,91.11,160.656
2023/1/10 13:00,132.2,132.227,132.054,132.15,141.888,91.114,160.54
2023/1/10 14:00,132.149,132.224,132.063,132.102,141.856,91.058,160.54
2023/1/10 15:00,132.103,132.36,132.089,132.258,142.113,91.237,160.806
2023/1/10 16:00,132.259,132.524,132.231,132.389,142.07,91.222,160.854
2023/1/10 17:00,132.389,132.578,132.327,132.557,142.188,91.316,161.017
2023/1/10 18:00,132.553,132.56,132.399,132.452,142.176,91.413,160.977
2023/1/10 19:00,132.453,132.498,132.265,132.271,142.042,91.412,160.825
2023/1/10 20:00,132.27,132.33,132.132,132.259,142.144,91.478,160.933
2023/1/10 21:00,132.259,132.357,132.161,132.312,142.177,91.448,160.915
2023/1/10 22:00,132.313,132.427,132.159,132.42,142.303,91.442,160.975
2023/1/10 23:00,132.42,132.725,132.384,132.679,142.36,91.506,160.897
2023/1/11 0:00,132.677,132.746,132.419,132.479,142.307,91.565,160.724
2023/1/11 1:00,132.48,132.528,132.311,132.495,142.42,91.477,160.784
2023/1/11 2:00,132.495,132.6,132.405,132.581,142.504,91.385,160.813
2023/1/11 3:00,132.579,132.871,132.571,132.769,142.599,91.423,160.834
2023/1/11 4:00,132.768,132.805,132.565,132.69,142.638,91.524,160.631
2023/1/11 5:00,132.69,132.747,132.469,132.525,142.727,91.413,160.996
2023/1/11 6:00,132.526,132.602,132.378,132.594,142.603,91.49,160.779
2023/1/11 7:00,132.592,132.598,132.414,132.579,142.37,91.447,160.718
2023/1/11 8:00,132.578,132.622,132.48,132.483,142.372,91.329,160.575
2023/1/11 9:00,132.484,132.707,132.278,132.319,142.285,91.396,160.752
2023/1/11 10:00,132.321,132.454,132.288,132.413,142.515,91.516,160.935
2023/1/11 11:00,132.413,132.529,132.389,132.529,142.517,91.53,160.966
2023/1/11 12:00,132.529,132.553,132.417,132.466,142.459,91.449,160.931
2023/1/11 13:00,132.456,132.472,132.349,132.377,142.379,91.388,160.746
2023/1/11 14:00,132.386,132.407,131.776,131.898,141.995,91.13,160.36
2023/1/11 15:00,131.896,132.034,131.529,131.902,141.936,91.175,160.262
2023/1/11 16:00,131.902,132.014,131.539,131.664,141.756,91.066,160.084
2023/1/11 17:00,131.666,131.809,131.463,131.623,141.718,91.031,160.075
2023/1/11 18:00,131.623,131.706,131.591,131.7,141.821,91.041,160.206
2023/1/11 19:00,131.7,131.809,131.38,131.444,141.587,90.992,159.924
2023/1/11 20:00,131.443,131.654,131.364,131.635,141.672,91.047,160.005
2023/1/11 21:00,131.635,131.748,131.509,131.722,141.694,90.917,159.98
2023/1/11 22:00,131.724,131.898,131.555,131.601,141.633,90.81,159.865
2023/1/11 23:00,131.601,131.773,131.567,131.691,141.543,90.799,159.875
2023/1/12 0:00,131.691,131.727,130.853,130.956,140.977,90.525,159.459
2023/1/12 1:00,130.957,131.163,130.904,131.002,140.99,90.457,159.538
2023/1/12 2:00,131.001,131.031,130.807,130.877,140.844,90.331,159.152
2023/1/12 3:00,130.876,130.878,130.628,130.683,140.646,90.279,158.558
2023/1/12 4:00,130.682,131.213,129.497,129.645,140.4,90.507,158.628
2023/1/12 5:00,129.643,130.782,129.577,130.601,140.631,90.169,158.228
2023/1/12 6:00,130.6,130.674,129.747,129.834,140.313,90.011,157.814
2023/1/12 7:00,129.833,129.94,129.59,129.756,140.424,90.115,158.044
2023/1/12 8:00,129.757,129.761,129.175,129.191,140.154,90.116,157.981
2023/1/12 9:00,129.191,129.27,128.859,129.158,140.216,90.139,157.938
2023/1/12 10:00,129.159,129.444,129.068,129.293,140.271,90.138,158.029
2023/1/12 11:00,129.294,129.428,129.183,129.194,140.204,90.026,157.797
2023/1/12 12:00,129.194,129.342,129.162,129.27,140.289,90.039,157.883
2023/1/12 13:00,129.27,129.372,129.153,129.286,140.258,90.017,157.815
2023/1/12 14:00,129.286,129.415,129.063,129.174,140.274,89.994,157.797
2023/1/12 15:00,129.172,129.296,128.63,129.216,140.224,90.006,157.743
2023/1/12 16:00,129.214,129.346,128.811,128.932,139.963,89.839,157.532
2023/1/12 17:00,128.932,129.285,128.922,129.161,140.071,89.846,157.62
2023/1/12 18:00,129.16,129.196,129.033,129.117,140.035,89.786,157.497
2023/1/12 19:00,129.117,129.242,129.002,129.21,140.065,89.863,157.506
2023/1/12 20:00,129.211,129.302,129.123,129.16,139.972,89.798,157.326
2023/1/12 21:00,129.161,129.169,128.397,128.546,139.411,89.667,156.824
2023/1/12 22:00,128.546,128.794,128.246,128.375,139.272,89.49,156.773
2023/1/12 23:00,128.375,128.589,128.105,128.33,139.31,89.632,156.978
2023/1/13 0:00,128.329,128.721,128.226,128.521,139.347,89.647,157.154
2023/1/13 1:00,128.519,128.551,128.269,128.368,139.22,89.576,156.999
2023/1/13 2:00,128.368,128.787,128.362,128.747,139.199,89.463,156.717
2023/1/13 3:00,128.748,128.829,128.52,128.529,138.966,89.175,156.491
2023/1/13 4:00,128.527,128.635,128.169,128.236,138.414,88.8,156.027
2023/1/13 5:00,128.235,128.324,127.66,127.687,138.128,88.645,155.783
2023/1/13 6:00,127.687,127.96,127.454,127.505,138.078,88.738,155.745
2023/1/13 7:00,127.507,127.978,127.472,127.858,138.216,88.852,155.887
2023/1/13 8:00,127.856,127.891,127.604,127.703,138.278,88.96,155.914
2023/1/13 9:00,127.703,127.88,127.67,127.851,138.473,89.171,156.316
2023/1/13 10:00,127.849,127.941,127.747,127.93,138.536,89.261,156.43
2023/1/13 11:00,127.929,127.931,127.843,127.885,138.526,89.235,156.45
2023/1/13 12:00,127.883,127.913,127.779,127.853,138.465,89.139,156.34
2023/1/15 13:00,127.749,127.804,127.704,127.763,138.397,89.067,156.158
2023/1/15 14:00,127.748,128.148,127.748,128.05,138.583,89.28,156.507
2023/1/15 15:00,128.05,128.195,127.789,127.853,138.614,89.326,156.56
2023/1/15 16:00,127.855,127.945,127.529,127.674,138.754,89.564,156.666
2023/1/15 17:00,127.674,127.725,127.218,127.366,138.405,89.351,156.416
2023/1/15 18:00,127.366,127.46,127.27,127.397,138.356,89.3,156.301
2023/1/15 19:00,127.397,127.729,127.321,127.667,138.557,89.204,156.488
2023/1/15 20:00,127.667,127.781,127.597,127.605,138.581,89.244,156.481
2023/1/15 21:00,127.603,128.125,127.572,127.972,138.713,89.323,156.66
2023/1/15 22:00,127.972,128.186,127.887,127.967,138.6,89.289,156.511
2023/1/15 23:00,127.968,128.863,127.898,128.714,139.052,89.377,156.722
2023/1/16 0:00,128.714,128.824,128.275,128.368,138.906,89.397,156.606
2023/1/16 1:00,128.37,128.537,128.287,128.39,139.044,89.428,156.82
2023/1/16 2:00,128.39,128.469,128.111,128.305,138.915,89.402,156.58
2023/1/16 3:00,128.304,128.482,128.232,128.424,138.89,89.41,156.512
2023/1/16 4:00,128.424,128.56,128.296,128.422,138.899,89.377,156.584
2023/1/16 5:00,128.423,128.523,128.365,128.467,139.023,89.404,156.729
2023/1/16 6:00,128.466,128.561,128.396,128.529,139.135,89.432,156.861
2023/1/16 7:00,128.531,128.662,128.434,128.58,139.184,89.466,156.961
2023/1/16 8:00,128.579,128.758,128.576,128.706,139.184,89.515,156.9
2023/1/16 9:00,128.705,128.716,128.574,128.584,139.039,89.382,156.71
2023/1/16 10:00,128.585,128.603,128.5,128.56,139.091,89.409,156.769
2023/1/16 11:00,128.559,128.578,128.509,128.539,139.081,89.331,156.75
2023/1/16 12:00,128.544,128.551,128.426,128.536,139.083,89.375,156.748
2023/1/16 13:00,128.44,128.515,128.395,128.434,139.009,89.307,156.635
2023/1/16 14:00,128.442,128.486,128.209,128.337,138.986,89.4,156.664
2023/1/16 15:00,128.337,128.557,128.313,128.405,139.047,89.437,156.618
2023/1/16 16:00,128.405,128.95,128.297,128.806,139.332,89.734,156.973
2023/1/16 17:00,128.803,129.155,128.661,128.983,139.485,89.76,157.178
2023/1/16 18:00,128.985,129.001,128.725,128.775,139.404,89.74,156.981
2023/1/16 19:00,128.774,128.824,128.619,128.665,139.298,89.718,156.891
2023/1/16 20:00,128.664,128.72,128.571,128.645,139.338,89.619,156.956
2023/1/16 21:00,128.645,128.958,128.526,128.919,139.422,89.633,156.903
2023/1/16 22:00,128.918,129.021,128.667,128.728,139.389,89.628,157.232
2023/1/16 23:00,128.728,128.76,128.382,128.457,139.083,89.397,156.882
2023/1/17 0:00,128.457,128.812,128.449,128.78,139.302,89.509,157.219
2023/1/17 1:00,128.779,129.121,128.629,128.874,139.461,89.436,157.403
2023/1/17 2:00,128.874,128.967,128.668,128.702,139.41,89.461,157.713
2023/1/17 3:00,128.697,128.794,128.316,128.552,139.511,89.413,157.569
2023/1/17 4:00,128.553,128.781,128.376,128.707,139.553,89.412,157.683
2023/1/17 5:00,128.706,128.714,128.242,128.29,139.359,89.399,157.668
2023/1/17 6:00,128.287,128.637,128.125,128.141,138.421,89.58,157.336
2023/1/17 7:00,128.141,128.281,127.986,128.183,138.341,89.535,157.172
2023/1/17 8:00,128.184,128.323,128.092,128.24,138.267,89.578,157.246
2023/1/17 9:00,128.24,128.413,128.221,128.395,138.609,89.658,157.427
2023/1/17 10:00,128.396,128.441,128.176,128.336,138.516,89.702,157.52
2023/1/17 11:00,128.336,128.344,128.167,128.206,138.382,89.561,157.42
2023/1/17 12:00,128.205,128.282,128.068,128.119,138.217,89.46,157.45
2023/1/17 13:00,128.119,128.234,128.07,128.193,138.354,89.593,157.481
2023/1/17 14:00,128.199,128.295,128.171,128.283,138.41,89.639,157.568
2023/1/17 15:00,128.288,128.903,128.219,128.845,138.95,89.928,158.107
2023/1/17 16:00,128.845,129.029,128.509,128.555,138.79,89.894,157.92
2023/1/17 17:00,128.555,130.806,128.368,130.531,140.813,91.257,160.187
2023/1/17 18:00,130.531,131.25,130.416,131.139,141.277,91.6,160.865
2023/1/17 19:00,131.139,131.572,131.087,131.336,141.506,91.849,161.311
2023/1/17 20:00,131.336,131.536,130.748,130.812,141.01,91.514,160.662
2023/1/17 21:00,130.81,131.229,130.527,130.726,141.038,91.64,160.652
2023/1/17 22:00,130.726,130.918,130.053,130.254,141.001,91.423,160.399
2023/1/17 23:00,130.253,130.31,129.605,129.662,140.594,90.998,159.98
2023/1/18 0:00,129.66,129.901,129.199,129.389,140.648,90.899,159.908
2023/1/18 1:00,129.389,129.581,129.05,129.183,140.196,90.719,159.516
2023/1/18 2:00,129.183,129.391,128.834,128.986,139.5,90.526,159.582
2023/1/18 3:00,128.983,129.243,128.884,129.076,139.711,90.659,159.653
2023/1/18 4:00,129.076,129.138,128,128.118,139.117,90.226,158.798
2023/1/18 5:00,128.121,128.29,127.561,128.121,139.195,90.297,159.024
2023/1/18 6:00,128.129,128.44,128.006,128.364,139.062,90.009,159.089
2023/1/18 7:00,128.364,128.61,128.216,128.455,139.078,89.751,158.866
2023/1/18 8:00,128.452,128.949,128.448,128.812,139.064,89.653,159.021
2023/1/18 9:00,128.812,128.846,128.599,128.772,139.026,89.501,158.861
2023/1/18 10:00,128.771,128.891,128.665,128.688,138.921,89.36,158.812
2023/1/18 11:00,128.688,128.865,128.688,128.864,139.034,89.384,158.985
2023/1/18 12:00,128.863,128.931,128.769,128.884,139.147,89.433,159.129
2023/1/18 13:00,128.884,128.889,128.535,128.76,138.952,89.396,158.918
2023/1/18 14:00,128.757,128.838,128.443,128.552,138.801,89.261,158.705
2023/1/18 15:00,128.552,128.603,128.277,128.42,138.534,88.7,158.218
2023/1/18 16:00,128.419,128.69,128.303,128.572,138.695,88.728,158.611
2023/1/18 17:00,128.566,128.634,128.364,128.424,138.613,88.683,158.341
2023/1/18 18:00,128.426,128.443,128.15,128.287,138.557,88.595,158.223
2023/1/18 19:00,128.286,128.291,127.9,128.027,138.209,88.384,157.872
2023/1/18 20:00,128.027,128.062,127.757,127.98,138.105,88.273,157.803
2023/1/18 21:00,127.979,128.032,127.761,127.951,138.069,88.171,157.731
2023/1/18 22:00,127.952,128.244,127.892,128.174,138.529,88.3,158.086
2023/1/18 23:00,128.174,128.337,128.087,128.186,138.661,88.368,158.048
2023/1/19 0:00,128.19,128.396,128.188,128.32,138.903,88.329,158.304
2023/1/19 1:00,128.317,128.666,128.303,128.502,139.157,88.51,158.52
2023/1/19 2:00,128.5,128.719,128.429,128.612,139.178,88.516,158.865
2023/1/19 3:00,128.612,128.654,128.374,128.627,139.035,88.456,158.632
2023/1/19 4:00,128.628,128.816,128.357,128.379,138.781,88.633,158.535
2023/1/19 5:00,128.382,128.493,128.229,128.343,138.743,88.718,158.535
2023/1/19 6:00,128.344,128.619,128.292,128.455,138.597,88.511,158.753
2023/1/19 7:00,128.457,128.589,128.406,128.482,138.877,88.468,158.854
2023/1/19 8:00,128.48,128.622,128.384,128.563,139.059,88.701,159.058
2023/1/19 9:00,128.562,128.628,128.392,128.439,139.084,88.758,159.018
2023/1/19 10:00,128.443,128.533,128.348,128.445,139.116,88.854,159.161
2023/1/19 11:00,128.446,128.474,128.295,128.432,139.08,88.775,159.083
2023/1/19 12:00,128.436,128.447,128.353,128.406,139.095,88.708,159.109
2023/1/19 13:00,128.406,128.435,128.366,128.406,139.079,88.751,159.025
2023/1/19 14:00,128.404,128.473,128.349,128.371,139.067,88.725,159.069
2023/1/19 15:00,128.371,128.683,128.34,128.629,139.32,88.91,159.315
2023/1/19 16:00,128.629,128.888,128.523,128.835,139.604,89.168,159.56
2023/1/19 17:00,128.835,128.89,128.724,128.754,139.523,89.17,159.49
2023/1/19 18:00,128.755,128.817,128.699,128.815,139.558,89.167,159.479
2023/1/19 19:00,128.816,129.094,128.815,129.047,139.755,89.259,159.611
2023/1/19 20:00,129.051,129.293,128.994,129.169,139.957,89.443,159.894
2023/1/19 21:00,129.168,129.182,129.02,129.168,139.825,89.468,159.727
2023/1/19 22:00,129.168,129.178,128.773,128.881,139.707,89.421,159.34
2023/1/19 23:00,128.887,129.25,128.726,129.223,140.083,89.658,159.641
2023/1/20 0:00,129.222,129.489,129.16,129.464,140.222,89.744,159.769
2023/1/20 1:00,129.465,129.731,129.166,129.627,140.499,89.858,160.299
2023/1/20 2:00,129.628,129.958,129.515,129.914,140.628,89.883,160.471
2023/1/20 3:00,129.914,130.283,129.853,130.11,140.761,90.155,160.727
2023/1/20 4:00,130.109,130.611,130.038,130.602,141.134,90.286,161.175
2023/1/20 5:00,130.602,130.61,130.143,130.22,140.917,90.302,160.964
2023/1/20 6:00,130.219,130.301,129.678,129.923,140.723,90.304,160.711
2023/1/20 7:00,129.923,129.982,129.719,129.971,140.769,90.35,160.786
2023/1/20 8:00,129.973,129.985,129.623,129.731,140.675,90.256,160.689
2023/1/20 9:00,129.734,129.786,129.479,129.606,140.587,90.309,160.59
2023/1/20 10:00,129.602,129.614,129.444,129.555,140.62,90.298,160.595
2023/1/20 11:00,129.555,129.602,129.485,129.582,140.681,90.314,160.6
2023/1/20 12:00,129.58,129.599,129.455,129.464,140.546,90.191,160.508
2023/1/22 13:00,129.459,129.599,129.437,129.569,140.803,90.342,160.692
2023/1/22 14:00,129.569,129.654,129.309,129.39,140.569,90.358,160.512
2023/1/22 15:00,129.389,129.533,129.246,129.273,140.717,90.321,160.61
2023/1/22 16:00,129.276,129.306,129.064,129.201,140.761,90.259,160.54
2023/1/22 17:00,129.202,129.25,129.096,129.182,140.708,90.21,160.506
2023/1/22 18:00,129.18,129.325,129.038,129.307,140.922,90.303,160.764
2023/1/22 19:00,129.31,129.745,129.31,129.588,141.179,90.483,161.007
2023/1/22 20:00,129.588,129.888,129.548,129.853,141.437,90.621,161.192
2023/1/22 21:00,129.852,130.169,129.818,130.087,141.8,90.802,161.523
2023/1/22 22:00,130.086,130.312,129.926,130.12,142.014,90.84,161.569
2023/1/22 23:00,130.12,130.146,129.613,129.713,141.384,90.909,161
2023/1/23 0:00,129.713,129.912,129.712,129.83,141.663,90.983,161.068
2023/1/23 1:00,129.828,130.042,129.711,130.034,141.727,91.169,160.873
2023/1/23 2:00,130.033,130.329,130.01,130.318,141.801,91.091,160.991
2023/1/23 3:00,130.318,130.458,130.108,130.236,141.583,91.119,161.043
2023/1/23 4:00,130.236,130.636,130.217,130.495,141.708,91.036,161.105
2023/1/23 5:00,130.496,130.885,130.471,130.627,141.891,91.175,161.293
2023/1/23 6:00,130.628,130.795,130.427,130.607,141.898,91.838,161.564
2023/1/23 7:00,130.606,130.709,130.436,130.691,141.983,91.795,161.648
2023/1/23 8:00,130.692,130.748,130.603,130.642,141.907,91.79,161.583
2023/1/23 9:00,130.642,130.677,130.555,130.65,141.965,91.81,161.633
2023/1/23 10:00,130.65,130.713,130.586,130.667,141.886,91.739,161.572
2023/1/23 11:00,130.665,130.711,130.604,130.689,142.031,91.829,161.699
2023/1/23 12:00,130.689,130.702,130.646,130.657,142.007,91.811,161.721
2023/1/23 13:00,130.659,130.659,130.557,130.582,141.972,91.776,161.608
2023/1/23 14:00,130.592,130.613,130.452,130.594,141.968,91.779,161.652
2023/1/23 15:00,130.593,130.728,130.257,130.386,141.778,91.703,161.392
2023/1/23 16:00,130.386,130.436,130.243,130.256,141.729,91.739,161.359
2023/1/23 17:00,130.255,130.423,130.138,130.309,141.764,91.732,161.418
2023/1/23 18:00,130.31,130.447,130.23,130.379,141.78,91.711,161.419
2023/1/23 19:00,130.379,130.443,130.18,130.285,141.702,91.603,161.336
2023/1/23 20:00,130.284,130.344,130.062,130.139,141.57,91.578,161.196
2023/1/23 21:00,130.142,130.176,130.039,130.048,141.592,91.652,161.287
2023/1/23 22:00,130.045,130.203,129.723,129.853,141.394,91.354,161.073
2023/1/23 23:00,129.852,130.154,129.761,130.012,141.375,91.363,161.115
2023/1/24 0:00,130.013,130.388,129.996,130.111,141.314,91.314,160.426
2023/1/24 1:00,130.11,130.271,130.049,130.14,141.38,91.402,160.302
2023/1/24 2:00,130.139,130.299,130.115,130.19,141.473,91.423,160.312
2023/1/24 3:00,130.19,130.331,130.152,130.265,141.459,91.356,160.065
2023/1/24 4:00,130.266,130.488,130.195,130.428,141.72,91.494,160.319
2023/1/24 5:00,130.429,131.116,130.338,131.068,142.106,91.717,160.75
2023/1/24 6:00,131.067,131.106,130.041,130.091,141.478,91.695,160.198
2023/1/24 7:00,130.092,130.242,129.865,130.077,141.414,91.574,160.27
2023/1/24 8:00,130.075,130.105,129.906,130.017,141.5,91.588,160.254
2023/1/24 9:00,130.017,130.089,129.973,130.088,141.526,91.613,160.405
2023/1/24 10:00,130.087,130.103,130.018,130.045,141.542,91.663,160.432
2023/1/24 11:00,130.045,130.154,130.019,130.153,141.626,91.649,160.542
2023/1/24 12:00,130.154,130.201,130.117,130.162,141.692,91.691,160.588
2023/1/24 13:00,130.161,130.198,130.142,130.149,141.68,91.627,160.445
2023/1/24 14:00,130.154,130.247,130.033,130.21,141.793,91.767,160.564
2023/1/24 15:00,130.214,130.463,130.2,130.331,141.893,92.271,160.63
2023/1/24 16:00,130.333,130.366,130.182,130.266,141.897,92.261,160.56
2023/1/24 17:00,130.264,130.325,130.106,130.314,141.993,92.439,160.603
2023/1/24 18:00,130.318,130.571,130.3,130.507,142.214,92.629,160.858
2023/1/24 19:00,130.507,130.579,130.348,130.443,142.161,92.595,160.766
2023/1/24 20:00,130.444,130.581,130.434,130.437,142.146,92.587,160.721
2023/1/24 21:00,130.438,130.482,130.3,130.391,142.205,92.751,160.76
2023/1/24 22:00,130.395,130.48,130.255,130.43,141.923,92.554,160.648
2023/1/24 23:00,130.43,130.491,130.161,130.239,141.66,92.431,160.398
2023/1/25 0:00,130.24,130.28,129.802,129.849,141.288,92.057,159.842
2023/1/25 1:00,129.848,130.101,129.805,129.981,141.234,92.071,159.894
2023/1/25 2:00,129.98,129.98,129.655,129.692,140.902,91.842,159.595
2023/1/25 3:00,129.691,129.856,129.557,129.697,141.041,91.837,159.92
2023/1/25 4:00,129.698,130.032,129.678,129.957,141.291,91.802,160.04
2023/1/25 5:00,129.959,130.001,129.616,129.699,141.286,91.729,160.264
2023/1/25 6:00,129.692,129.714,129.264,129.587,141.278,91.675,160.139
2023/1/25 7:00,129.587,129.944,129.56,129.639,141.307,91.771,160.377
2023/1/25 8:00,129.639,129.714,129.551,129.611,141.266,91.758,160.479
2023/1/25 9:00,129.613,129.627,129.416,129.533,141.31,91.906,160.494
2023/1/25 10:00,129.532,129.674,129.51,129.535,141.383,91.968,160.609
2023/1/25 11:00,129.535,129.642,129.497,129.596,141.447,92.041,160.657
2023/1/25 12:00,129.597,129.614,129.534,129.565,141.42,91.978,160.696
2023/1/25 13:00,129.565,129.588,129.43,129.481,141.317,91.993,160.546
2023/1/25 14:00,129.489,129.51,129.224,129.256,141.158,91.867,160.4
2023/1/25 15:00,129.257,129.377,129.104,129.212,141.047,91.801,160.31
2023/1/25 16:00,129.215,129.342,129.096,129.21,141.084,91.873,160.338
2023/1/25 17:00,129.209,129.587,129.139,129.384,141.224,92.04,160.444
2023/1/25 18:00,129.384,129.436,129.269,129.31,141.115,91.947,160.271
2023/1/25 19:00,129.309,129.321,129.02,129.238,141.058,92.014,160.249
2023/1/25 20:00,129.238,129.43,129.232,129.326,141.207,92.121,160.371
2023/1/25 21:00,129.326,129.408,129.197,129.337,141.235,91.995,160.39
2023/1/25 22:00,129.338,129.746,129.337,129.478,141.386,92.168,160.654
2023/1/25 23:00,129.482,129.867,129.478,129.808,141.604,92.273,160.867
2023/1/26 0:00,129.809,129.992,129.738,129.956,141.591,92.31,160.934
2023/1/26 1:00,129.955,129.997,129.624,129.678,141.432,92.289,160.737
2023/1/26 2:00,129.679,129.892,129.677,129.821,141.539,92.393,160.857
2023/1/26 3:00,129.822,130.012,129.645,129.752,141.334,92.398,160.826
2023/1/26 4:00,129.757,130.3,129.672,129.868,141.592,92.495,160.927
2023/1/26 5:00,129.868,130.383,129.704,130.312,141.864,92.572,161.25
2023/1/26 6:00,130.312,130.548,130.129,130.442,141.596,92.413,161.16
2023/1/26 7:00,130.443,130.618,130.314,130.399,141.672,92.489,161.27
2023/1/26 8:00,130.398,130.416,130.257,130.336,141.6,92.466,161.282
2023/1/26 9:00,130.334,130.334,130.05,130.148,141.682,92.472,161.422
2023/1/26 10:00,130.149,130.291,130.139,130.22,141.799,92.62,161.574
2023/1/26 11:00,130.223,130.296,130.194,130.245,141.861,92.688,161.685
2023/1/26 12:00,130.243,130.279,130.196,130.202,141.827,92.62,161.57
2023/1/26 13:00,130.176,130.214,130.081,130.126,141.696,92.557,161.406
2023/1/26 14:00,130.125,130.209,129.648,129.803,141.397,92.338,161.133
2023/1/26 15:00,129.804,129.886,129.496,129.635,141.255,92.411,160.969
2023/1/26 16:00,129.635,129.813,129.613,129.688,141.222,92.38,160.854
2023/1/26 17:00,129.688,129.778,129.604,129.763,141.178,92.391,160.835
2023/1/26 18:00,129.762,129.922,129.686,129.856,141.2,92.311,160.856
2023/1/26 19:00,129.86,130.154,129.86,130.02,141.286,92.397,160.951
2023/1/26 20:00,130.02,130.056,129.897,129.98,141.334,92.491,160.927
2023/1/26 21:00,129.98,130.262,129.82,130.18,141.501,92.45,161.021
2023/1/26 22:00,130.184,130.265,129.881,129.963,141.315,92.322,160.832
2023/1/26 23:00,129.961,130.001,129.715,129.906,141.467,92.39,160.84
2023/1/27 0:00,129.906,129.958,129.746,129.85,141.323,92.254,160.628
2023/1/27 1:00,129.851,129.868,129.661,129.824,141.367,92.34,160.642
2023/1/27 2:00,129.823,129.971,129.743,129.907,141.327,92.323,160.692
2023/1/27 3:00,129.908,129.996,129.812,129.87,141.125,92.248,160.582
2023/1/27 4:00,129.869,129.932,129.557,129.735,140.917,92.225,160.453
2023/1/27 5:00,129.734,130.065,129.637,129.884,141.118,92.307,160.816
2023/1/27 6:00,129.882,130.042,129.776,129.98,140.879,92.184,160.624
2023/1/27 7:00,129.98,129.991,129.79,129.939,141.062,92.271,160.818
2023/1/27 8:00,129.938,129.959,129.82,129.911,141.169,92.309,160.974
2023/1/27 9:00,129.911,129.949,129.868,129.917,141.166,92.3,160.948
2023/1/27 10:00,129.916,129.937,129.871,129.904,141.183,92.37,160.983
2023/1/27 11:00,129.905,129.925,129.857,129.875,141.11,92.313,160.916
2023/1/27 12:00,129.877,129.89,129.789,129.801,141.114,92.251,160.937
2023/1/29 13:00,129.685,129.848,129.616,129.808,141.041,92.157,160.824
2023/1/29 14:00,129.803,129.89,129.732,129.834,141.151,92.284,160.99
2023/1/29 15:00,129.835,130.139,129.833,130.079,141.455,92.608,161.285
2023/1/29 16:00,130.082,130.289,130.056,130.22,141.599,92.632,161.369
2023/1/29 17:00,130.225,130.264,130.026,130.07,141.37,92.231,161.163
2023/1/29 18:00,130.071,130.138,129.909,129.909,141.194,92.044,160.964
2023/1/29 19:00,129.91,129.92,129.2,129.477,140.818,91.83,160.589
2023/1/29 20:00,129.477,129.749,129.401,129.637,140.897,91.871,160.694
2023/1/29 21:00,129.636,129.649,129.453,129.588,140.757,91.892,160.587
2023/1/29 22:00,129.589,129.676,129.412,129.581,140.717,91.771,160.408
2023/1/29 23:00,129.583,130.181,129.583,130.125,141.589,92.06,160.969
2023/1/30 0:00,130.127,130.141,129.893,129.967,141.683,91.983,161.056
2023/1/30 1:00,129.966,129.991,129.85,129.866,141.693,92.074,161.154
2023/1/30 2:00,129.866,130.255,129.866,130.17,141.833,92.088,161.204
2023/1/30 3:00,130.17,130.187,130,130.07,141.823,92.087,161.151
2023/1/30 4:00,130.069,130.208,129.965,130.135,141.667,92.043,161.031
2023/1/30 5:00,130.134,130.351,130.094,130.264,141.874,92.137,161.202
2023/1/30 6:00,130.265,130.402,130.176,130.313,141.665,92.272,161.326
2023/1/30 7:00,130.313,130.469,130.294,130.347,141.631,92.22,161.26
2023/1/30 8:00,130.347,130.415,130.306,130.412,141.593,92.201,161.224
2023/1/30 9:00,130.412,130.444,130.344,130.42,141.566,92.176,161.153
2023/1/30 10:00,130.418,130.567,130.4,130.554,141.596,92.133,161.178
2023/1/30 11:00,130.555,130.556,130.426,130.462,141.493,92.086,161.095
2023/1/30 12:00,130.463,130.468,130.404,130.405,141.536,92.017,161.069
2023/1/30 13:00,130.405,130.432,130.341,130.367,141.47,91.969,161.025
2023/1/30 14:00,130.367,130.53,130.356,130.482,141.568,92.093,161.136
2023/1/30 15:00,130.48,130.504,130.269,130.299,141.423,91.874,161.064
2023/1/30 16:00,130.298,130.305,130.11,130.129,141.286,91.819,160.926
2023/1/30 17:00,130.13,130.2,130.059,130.182,141.271,91.756,160.885
2023/1/30 18:00,130.18,130.265,130.146,130.242,141.238,91.617,160.756
2023/1/30 19:00,130.24,130.403,130.164,130.314,141.343,91.707,160.833
2023/1/30 20:00,130.313,130.331,130.133,130.184,141.049,91.534,160.62
2023/1/30 21:00,130.184,130.273,130.143,130.254,141.18,91.602,160.806
2023/1/30 22:00,130.251,130.308,130.039,130.145,141.125,91.56,160.711
2023/1/30 23:00,130.145,130.407,130.072,130.384,140.852,91.346,160.493
2023/1/31 0:00,130.385,130.43,130.229,130.39,141.209,91.42,160.706
2023/1/31 1:00,130.394,130.483,130.338,130.395,141.122,91.117,160.557
2023/1/31 2:00,130.394,130.457,130.312,130.432,141.335,91.267,160.759
2023/1/31 3:00,130.438,130.494,130.339,130.432,141.207,91.217,160.447
2023/1/31 4:00,130.431,130.44,129.804,129.891,140.946,91.261,160.038
2023/1/31 5:00,129.888,129.973,129.761,129.842,140.844,91.215,159.929
2023/1/31 6:00,129.844,130.218,129.743,130.036,141.22,91.604,160.004
2023/1/31 7:00,130.037,130.22,130.003,130.177,141.334,91.761,160.402
2023/1/31 8:00,130.178,130.353,130.178,130.194,141.457,91.765,160.467
2023/1/31 9:00,130.194,130.23,130.095,130.137,141.49,91.843,160.471
2023/1/31 10:00,130.135,130.202,130.065,130.173,141.411,91.816,160.411
2023/1/31 11:00,130.159,130.228,130.126,130.134,141.477,91.859,160.425
2023/1/31 12:00,130.133,130.189,130.07,130.07,141.315,91.731,160.227
2023/1/31 13:00,130.07,130.082,130.042,130.069,141.288,91.705,160.173
2023/1/31 14:00,130.069,130.129,130.038,130.111,141.308,91.741,160.14
2023/1/31 15:00,130.109,130.201,129.858,129.922,141.124,91.573,159.937
2023/1/31 16:00,129.921,130.02,129.87,130.017,141.158,91.673,160.053
2023/1/31 17:00,130.017,130.111,129.984,130.018,141.118,91.524,160.029
2023/1/31 18:00,130.023,130.07,129.98,130.01,141.223,91.726,160.084
2023/1/31 19:00,130.01,130.268,130.004,130.25,141.525,92.049,160.403
2023/1/31 20:00,130.251,130.321,130.204,130.292,141.642,92.061,160.445
2023/1/31 21:00,130.292,130.323,130.189,130.272,141.598,92.082,160.524
2023/1/31 22:00,130.273,130.408,130.144,130.175,141.63,92.091,160.365
2023/1/31 23:00,130.174,130.234,129.921,129.941,141.468,91.964,160.09
2023/2/1 0:00,129.942,129.98,129.8,129.876,141.34,91.803,159.963
2023/2/1 1:00,129.875,129.963,129.777,129.823,141.403,91.875,159.986
2023/2/1 2:00,129.823,129.853,129.711,129.807,141.389,91.883,160.005
2023/2/1 3:00,129.806,129.862,129.664,129.846,141.417,91.89,160.029
2023/2/1 4:00,129.846,129.858,129.308,129.377,141.071,91.668,159.64
2023/2/1 5:00,129.376,129.539,129.297,129.315,140.994,91.59,159.555
2023/2/1 6:00,129.314,129.68,129.18,129.251,141.138,91.448,159.295
2023/2/1 7:00,129.251,129.363,129.224,129.274,141.122,91.341,159.086
2023/2/1 8:00,129.273,129.33,129.229,129.232,140.967,91.32,158.977
2023/2/1 9:00,129.231,129.456,129.229,129.323,141.111,91.371,159.073
2023/2/1 10:00,129.323,129.868,128.537,128.763,141.351,91.712,159.254
2023/2/1 11:00,128.761,129.151,128.652,128.825,141.552,91.887,159.406
2023/2/1 12:00,128.825,129.074,128.814,128.923,141.686,91.982,159.492
2023/2/1 13:00,128.891,128.954,128.823,128.906,141.646,91.93,159.495
2023/2/1 14:00,128.906,128.906,128.418,128.603,141.622,91.916,159.297
2023/2/1 15:00,128.603,128.626,128.173,128.455,141.544,91.791,159.2
2023/2/1 16:00,128.456,128.761,128.427,128.601,141.63,91.847,159.177
2023/2/1 17:00,128.602,128.639,128.502,128.52,141.611,91.805,159.202
2023/2/1 18:00,128.521,128.627,128.448,128.605,141.69,91.856,159.274
2023/2/1 19:00,128.607,128.614,128.395,128.445,141.541,91.825,159.142
2023/2/1 20:00,128.444,128.61,128.396,128.599,141.716,91.912,159.339
2023/2/1 21:00,128.601,128.787,128.562,128.659,141.591,91.87,159.33
2023/2/1 22:00,128.661,128.708,128.538,128.657,141.437,91.853,159.184
2023/2/1 23:00,128.657,129.133,128.553,128.891,141.848,92.046,159.44
2023/2/2 0:00,128.891,129.112,128.803,128.92,141.797,91.934,159.139
2023/2/2 1:00,128.917,129.009,128.838,128.904,141.571,91.761,158.751
2023/2/2 2:00,128.904,128.918,128.678,128.724,141.581,91.737,158.717
2023/2/2 3:00,128.722,128.803,128.302,128.407,141.042,91.552,157.833
2023/2/2 4:00,128.407,128.487,128.08,128.419,140.56,91.479,157.961
2023/2/2 5:00,128.418,128.767,128.082,128.677,140.323,91.222,157.916
2023/2/2 6:00,128.68,128.914,128.347,128.416,140.447,91.197,157.848
2023/2/2 7:00,128.417,128.551,128.247,128.449,140.23,90.969,157.455
2023/2/2 8:00,128.449,128.535,128.31,128.487,140.154,90.942,157.308
2023/2/2 9:00,128.488,128.593,128.416,128.525,140.337,91.118,157.454
2023/2/2 10:00,128.526,128.67,128.473,128.635,140.317,90.978,157.34
2023/2/2 11:00,128.637,128.761,128.62,128.751,140.514,91.2,157.564
2023/2/2 12:00,128.751,128.754,128.653,128.678,140.372,91.013,157.321
2023/2/2 13:00,128.678,128.678,128.593,128.607,140.313,90.96,157.238
2023/2/2 14:00,128.611,128.765,128.597,128.763,140.407,91.07,157.354
2023/2/2 15:00,128.763,128.823,128.533,128.621,140.159,90.937,157.055
2023/2/2 16:00,128.621,128.783,128.567,128.704,140.213,90.916,157.246
2023/2/2 17:00,128.704,128.708,128.537,128.567,140.005,90.69,156.929
2023/2/2 18:00,128.568,128.586,128.444,128.557,140.047,90.773,157.001
2023/2/2 19:00,128.557,128.609,128.507,128.529,140.012,90.754,156.94
2023/2/2 20:00,128.528,128.651,128.501,128.605,140.096,90.837,157.073
2023/2/2 21:00,128.607,128.655,128.538,128.56,140.104,90.872,157.113
2023/2/2 22:00,128.559,128.692,128.472,128.61,140.173,90.827,156.877
2023/2/2 23:00,128.61,128.721,128.59,128.708,140.334,90.727,156.968
2023/2/3 0:00,128.707,128.707,128.547,128.557,140.512,90.75,157.426
2023/2/3 1:00,128.558,128.608,128.424,128.469,140.477,90.758,157.451
2023/2/3 2:00,128.469,128.498,128.365,128.394,140.323,90.603,157.399
2023/2/3 3:00,128.394,128.463,128.327,128.428,140.402,90.605,157.256
2023/2/3 4:00,128.428,130.2,128.368,129.943,140.855,90.671,157.584
2023/2/3 5:00,129.942,130.475,129.849,130.327,141.566,90.915,158.107
2023/2/3 6:00,130.329,131.179,130.329,131.066,142.317,91.426,158.643
2023/2/3 7:00,131.069,131.089,130.834,131.076,141.896,91.027,158.225
2023/2/3 8:00,131.077,131.193,130.945,131.048,141.855,91.022,158.229
2023/2/3 9:00,131.048,131.163,130.964,131.108,141.754,90.898,158.127
2023/2/3 10:00,131.108,131.153,131.025,131.057,141.602,90.768,157.989
2023/2/3 11:00,131.057,131.157,131.046,131.142,141.546,90.786,158.028
2023/2/3 12:00,131.141,131.202,131.132,131.156,141.586,90.755,158.106
2023/2/5 13:00,132.471,132.476,131.666,131.847,142.24,91.14,158.73
2023/2/5 14:00,131.847,132.061,131.508,132.057,142.476,91.361,159.037
2023/2/5 15:00,132.06,132.383,131.885,132.29,142.722,91.495,159.257
2023/2/5 16:00,132.289,132.322,132.062,132.274,142.654,91.503,159.277
2023/2/5 17:00,132.277,132.375,131.732,132.038,142.485,91.387,159.162
2023/2/5 18:00,132.038,132.09,131.791,131.897,142.313,91.343,158.961
2023/2/5 19:00,131.898,131.989,131.675,131.678,142.165,91.429,158.793
2023/2/5 20:00,131.679,131.824,131.579,131.726,142.218,91.516,158.957
2023/2/5 21:00,131.724,131.935,131.674,131.824,142.198,91.38,159.022
2023/2/5 22:00,131.823,131.885,131.618,131.782,142.059,91.25,158.835
2023/2/5 23:00,131.783,132.093,131.584,131.809,142.158,91.246,158.966
2023/2/6 0:00,131.808,132.02,131.754,131.943,142.052,90.977,158.807
2023/2/6 1:00,131.942,132.289,131.914,132.228,142.354,91.14,159.028
2023/2/6 2:00,132.229,132.289,132.06,132.079,142.199,91.143,159.158
2023/2/6 3:00,132.078,132.135,131.923,132.095,142.305,91.251,159.393
2023/2/6 4:00,132.099,132.606,132.03,132.549,142.598,91.322,159.703
2023/2/6 5:00,132.55,132.668,132.382,132.585,142.454,91.206,159.758
2023/2/6 6:00,132.585,132.869,132.579,132.845,142.546,91.136,159.578
2023/2/6 7:00,132.845,132.897,132.679,132.754,142.323,91.175,159.412
2023/2/6 8:00,132.754,132.9,132.691,132.771,142.241,91.225,159.481
2023/2/6 9:00,132.772,132.789,132.602,132.613,142.244,91.293,159.454
2023/2/6 10:00,132.612,132.622,132.444,132.514,142.119,91.175,159.325
2023/2/6 11:00,132.515,132.675,132.497,132.615,142.291,91.297,159.44
2023/2/6 12:00,132.616,132.658,132.599,132.634,142.24,91.262,159.357
2023/2/6 13:00,132.628,132.65,132.45,132.618,142.25,91.287,159.386
2023/2/6 14:00,132.609,132.706,132.577,132.624,142.29,91.358,159.485
2023/2/6 15:00,132.623,132.623,132.388,132.536,142.293,91.39,159.512
2023/2/6 16:00,132.536,132.554,132.231,132.293,142.097,91.325,159.438
2023/2/6 17:00,132.294,132.38,132.252,132.354,142.159,91.603,159.49
2023/2/6 18:00,132.354,132.371,132.134,132.27,142.031,91.742,159.328
2023/2/6 19:00,132.27,132.405,132.243,132.263,141.953,91.66,159.246
2023/2/6 20:00,132.262,132.341,132.207,132.253,142.042,91.761,159.342
2023/2/6 21:00,132.252,132.273,132.025,132.096,141.859,91.608,159.072
2023/2/6 22:00,132.095,132.215,131.987,132.165,141.731,91.548,158.889
2023/2/6 23:00,132.164,132.322,131.7,131.886,141.364,91.419,158.543
2023/2/7 0:00,131.887,131.929,131.688,131.806,141.176,91.447,158.233
2023/2/7 1:00,131.805,131.966,131.766,131.957,141.373,91.463,158.284
2023/2/7 2:00,131.958,132.244,131.948,132.157,141.474,91.511,158.378
2023/2/7 3:00,132.154,132.166,131.996,132.012,141.325,91.413,158.222
2023/2/7 4:00,132.013,132.141,131.805,131.887,141.058,91.129,157.986
2023/2/7 5:00,131.892,132.068,131.832,131.986,140.988,91.024,158.071
2023/2/7 6:00,131.986,132.065,131.221,131.242,140.331,90.75,157.623
2023/2/7 7:00,131.242,131.398,131.128,131.369,140.626,90.959,157.79
2023/2/7 8:00,131.37,131.421,130.472,130.565,140.488,91.137,157.772
2023/2/7 9:00,130.568,131.474,130.491,131.347,140.573,90.832,157.729
2023/2/7 10:00,131.35,131.394,131.006,131.088,140.519,90.989,157.739
2023/2/7 11:00,131.089,131.243,131.014,131.085,140.589,91.117,157.818
2023/2/7 12:00,131.086,131.133,130.987,131.043,140.545,91.142,157.832
2023/2/7 13:00,131.002,131.114,131.002,131.05,140.623,91.255,157.871
2023/2/7 14:00,131.051,131.133,131.02,131.055,140.629,91.271,157.966
2023/2/7 15:00,131.054,131.076,130.721,130.857,140.436,91.137,157.76
2023/2/7 16:00,130.857,131.234,130.804,131.2,140.73,91.289,158.053
2023/2/7 17:00,131.2,131.376,131.188,131.196,140.813,91.381,158.12
2023/2/7 18:00,131.196,131.243,131.07,131.122,140.725,91.341,158.067
2023/2/7 19:00,131.122,131.194,131.03,131.146,140.764,91.326,158.096
2023/2/7 20:00,131.147,131.226,131.074,131.09,140.712,91.314,158.006
2023/2/7 21:00,131.094,131.27,131.001,131.177,140.721,91.469,158.022
2023/2/7 22:00,131.177,131.369,130.852,130.885,140.816,91.439,158.355
2023/2/7 23:00,130.886,131.009,130.804,130.828,140.668,91.368,158.117
2023/2/8 0:00,130.828,130.867,130.591,130.669,140.539,91.284,158.172
2023/2/8 1:00,130.669,130.962,130.667,130.806,140.567,91.246,158.192
2023/2/8 2:00,130.806,130.868,130.647,130.848,140.469,91.2,158.226
2023/2/8 3:00,130.853,131.078,130.743,131.066,140.683,91.327,158.428
2023/2/8 4:00,131.067,131.326,131.03,131.251,140.85,91.316,158.592
2023/2/8 5:00,131.251,131.482,131.083,131.379,140.904,91.238,158.547
2023/2/8 6:00,131.38,131.537,131.325,131.447,140.977,91.22,158.77
2023/2/8 7:00,131.447,131.461,131.224,131.269,140.895,91.101,158.716
2023/2/8 8:00,131.27,131.307,131.15,131.26,140.819,91.019,158.604
2023/2/8 9:00,131.26,131.34,131.085,131.251,140.882,90.996,158.632
2023/2/8 10:00,131.249,131.363,131.21,131.362,140.857,90.963,158.562
2023/2/8 11:00,131.362,131.46,131.34,131.433,140.815,91.003,158.614
2023/2/8 12:00,131.432,131.459,131.331,131.399,140.74,90.95,158.616
2023/2/8 13:00,131.399,131.417,131.293,131.321,140.702,90.931,158.511
2023/2/8 14:00,131.33,131.402,131.295,131.388,140.792,91.025,158.582
2023/2/8 15:00,131.388,131.567,131.233,131.507,140.923,91.103,158.639
2023/2/8 16:00,131.507,131.824,131.482,131.523,141.056,91.259,158.809
2023/2/8 17:00,131.523,131.547,131.369,131.426,141.031,91.323,158.764
2023/2/8 18:00,131.428,131.459,131.308,131.401,140.984,91.419,158.744
2023/2/8 19:00,131.401,131.456,131.304,131.422,141.038,91.38,158.836
2023/2/8 20:00,131.42,131.734,130.759,131.374,141.038,91.354,158.803
2023/2/8 21:00,131.374,131.431,131.142,131.268,140.975,91.325,158.809
2023/2/8 22:00,131.268,131.368,131.093,131.146,140.758,91.339,158.611
2023/2/8 23:00,131.145,131.154,130.871,130.958,140.814,91.361,158.78
2023/2/9 0:00,130.958,131.028,130.807,130.839,140.831,91.282,158.848
2023/2/9 1:00,130.84,130.91,130.741,130.844,141.015,91.368,158.981
2023/2/9 2:00,130.842,131.111,130.839,130.914,140.902,91.338,159.021
2023/2/9 3:00,130.913,130.954,130.669,130.791,140.851,91.325,159.048
2023/2/9 4:00,130.791,130.87,130.339,130.4,140.694,91.415,158.981
2023/2/9 5:00,130.401,130.738,130.401,130.67,140.862,91.334,159.093
2023/2/9 6:00,130.67,130.963,130.633,130.907,140.894,91.254,159.311
2023/2/9 7:00,130.907,131.163,130.906,130.983,140.946,91.206,159.22
2023/2/9 8:00,130.985,131.309,130.94,131.15,140.969,91.197,159.235
2023/2/9 9:00,131.149,131.463,131.136,131.438,141.177,91.291,159.421
2023/2/9 10:00,131.439,131.598,131.372,131.572,141.271,91.3,159.434
2023/2/9 11:00,131.572,131.648,131.526,131.616,141.267,91.238,159.468
2023/2/9 12:00,131.617,131.633,131.514,131.536,141.258,91.221,159.41
2023/2/9 13:00,131.536,131.581,131.344,131.438,141.142,91.164,159.279
2023/2/9 14:00,131.439,131.537,131.372,131.515,141.234,91.249,159.331
2023/2/9 15:00,131.513,131.765,131.513,131.561,141.225,91.33,159.396
2023/2/9 16:00,131.561,131.885,131.558,131.62,141.273,91.31,159.384
2023/2/9 17:00,131.624,131.7,131.497,131.686,141.235,91.2,159.254
2023/2/9 18:00,131.686,131.783,131.607,131.76,141.258,91.109,159.318
2023/2/9 19:00,131.76,131.801,131.613,131.715,141.173,91.118,159.277
2023/2/9 20:00,131.715,131.807,131.457,131.548,141.098,91.092,159.181
2023/2/9 21:00,131.548,131.632,131.426,131.573,141.082,91.098,159.255
2023/2/9 22:00,131.574,131.632,130.377,130.447,140.111,90.554,158.096
2023/2/9 23:00,130.447,130.625,129.801,130.33,139.995,90.613,158.097
2023/2/10 0:00,130.329,131.425,130.267,130.936,140.184,90.771,158.423
2023/2/10 1:00,130.935,131.178,130.812,130.887,140.163,90.732,158.538
2023/2/10 2:00,130.896,131.059,130.74,130.833,139.97,90.583,158.415
2023/2/10 3:00,130.832,131.072,130.757,130.925,139.87,90.596,158.31
2023/2/10 4:00,130.928,130.951,130.576,130.715,139.804,90.728,158.314
2023/2/10 5:00,130.712,131.094,130.629,131.003,140.13,90.858,158.649
2023/2/10 6:00,131.002,131.4,131.002,131.325,140.212,90.909,158.578
2023/2/10 7:00,131.325,131.574,131.296,131.505,140.298,90.976,158.582
2023/2/10 8:00,131.506,131.529,131.4,131.493,140.279,90.949,158.431
2023/2/10 9:00,131.494,131.563,131.428,131.55,140.38,90.968,158.555
2023/2/10 10:00,131.549,131.597,131.469,131.508,140.359,90.917,158.45
2023/2/10 11:00,131.506,131.531,131.382,131.41,140.331,90.929,158.4
2023/2/10 12:00,131.411,131.477,131.294,131.347,140.211,90.871,158.39
2023/2/12 13:00,131.238,131.433,131.207,131.416,140.323,90.876,158.33
2023/2/12 14:00,131.417,131.648,131.386,131.551,140.457,90.939,158.529
2023/2/12 15:00,131.549,131.738,131.444,131.694,140.549,90.993,158.669
2023/2/12 16:00,131.694,131.934,131.648,131.676,140.457,90.97,158.641
2023/2/12 17:00,131.677,131.833,131.652,131.738,140.532,91.042,158.717
2023/2/12 18:00,131.738,132.141,131.738,132.024,140.743,91.176,158.967
2023/2/12 19:00,132.024,132.174,132.022,132.134,140.948,91.261,159.137
2023/2/12 20:00,132.134,132.215,132.103,132.186,141.032,91.336,159.215
2023/2/12 21:00,132.186,132.3,132.104,132.222,141.136,91.369,159.331
2023/2/12 22:00,132.221,132.282,132.011,132.13,141.154,91.554,159.385
2023/2/12 23:00,132.129,132.487,132.125,132.438,141.369,91.77,159.528
2023/2/13 0:00,132.439,132.772,132.382,132.682,141.663,91.811,159.718
2023/2/13 1:00,132.682,132.726,132.513,132.56,141.579,91.805,159.614
2023/2/13 2:00,132.561,132.689,132.504,132.681,141.648,91.966,159.982
2023/2/13 3:00,132.68,132.762,132.352,132.427,141.575,91.968,160.311
2023/2/13 4:00,132.426,132.818,132.379,132.709,141.737,92.005,160.407
2023/2/13 5:00,132.708,132.872,132.561,132.568,141.914,92.165,160.604
2023/2/13 6:00,132.567,132.806,132.525,132.799,142.354,92.442,161.167
2023/2/13 7:00,132.8,132.907,132.71,132.712,142.223,92.406,161.049
2023/2/13 8:00,132.712,132.713,132.479,132.574,142.093,92.362,160.876
2023/2/13 9:00,132.575,132.594,132.432,132.498,142.138,92.381,160.942
2023/2/13 10:00,132.498,132.515,132.381,132.462,141.964,92.235,160.697
2023/2/13 11:00,132.463,132.465,132.265,132.287,141.842,92.155,160.557
2023/2/13 12:00,132.288,132.445,132.255,132.379,141.963,92.186,160.694
2023/2/13 13:00,132.374,132.449,132.31,132.377,141.981,92.169,160.595
2023/2/13 14:00,132.377,132.454,132.22,132.333,142.007,92.214,160.788
2023/2/13 15:00,132.335,132.372,132.105,132.134,141.822,92.047,160.51
2023/2/13 16:00,132.135,132.175,131.997,132.051,141.669,91.836,160.314
2023/2/13 17:00,132.05,132.198,131.909,132.155,141.823,91.94,160.47
2023/2/13 18:00,132.153,132.167,132.002,132.033,141.731,91.915,160.364
2023/2/13 19:00,132.032,132.068,131.953,131.964,141.702,92.047,160.321
2023/2/13 20:00,131.961,131.979,131.784,131.865,141.598,91.886,160.159
2023/2/13 21:00,131.865,132.063,131.829,131.948,141.694,91.955,160.231
2023/2/13 22:00,131.948,132.103,131.84,132.079,141.745,91.958,160.328
2023/2/13 23:00,132.077,132.141,131.922,132.012,141.891,91.923,160.724
2023/2/14 0:00,132.011,132.079,131.909,132.018,142.067,92.021,160.9
2023/2/14 1:00,132.019,132.344,131.99,132.253,142.248,92.099,161.197
2023/2/14 2:00,132.254,132.332,132.157,132.23,142.214,92.109,161.338
2023/2/14 3:00,132.231,132.272,132.02,132.022,142.027,92.224,161.208
2023/2/14 4:00,132.022,132.906,131.499,132.268,142.32,92.506,161.481
2023/2/14 5:00,132.268,133.13,132.104,132.736,142.725,92.507,161.733
2023/2/14 6:00,132.736,132.953,132.302,132.825,142.336,92.545,161.453
2023/2/14 7:00,132.824,133.104,132.702,133.053,142.648,92.62,161.729
2023/2/14 8:00,133.053,133.314,133.014,133.078,142.76,92.804,161.965
2023/2/14 9:00,133.079,133.109,132.84,133.101,142.837,92.882,161.983
2023/2/14 10:00,133.103,133.225,133.023,133.047,142.879,92.988,161.975
2023/2/14 11:00,133.047,133.104,133.001,133.034,142.847,93.015,161.991
2023/2/14 12:00,133.04,133.123,133.014,133.099,142.909,92.916,162.052
2023/2/14 13:00,133.099,133.131,133.044,133.062,142.851,92.938,161.969
2023/2/14 14:00,133.069,133.118,132.962,132.99,142.765,92.917,161.893
2023/2/14 15:00,132.989,133.065,132.664,132.714,142.505,92.635,161.632
2023/2/14 16:00,132.713,132.827,132.542,132.621,142.429,92.518,161.349
2023/2/14 17:00,132.626,132.858,132.619,132.822,142.449,92.264,161.381
2023/2/14 18:00,132.823,133.076,132.787,133.04,142.594,92.285,161.599
2023/2/14 19:00,133.039,133.174,132.995,133.095,142.65,92.324,161.778
2023/2/14 20:00,133.095,133.148,132.989,133.092,142.605,92.271,161.69
2023/2/14 21:00,133.092,133.39,132.962,133.315,142.74,92.199,161.818
2023/2/14 22:00,133.313,133.437,133.188,133.341,142.785,92.055,161.109
2023/2/14 23:00,133.341,133.439,133.241,133.432,143.09,92.179,161.446
2023/2/15 0:00,133.43,133.486,133.247,133.363,143.038,92.178,161.315
2023/2/15 1:00,133.363,133.396,133.205,133.379,142.921,91.972,160.951
2023/2/15 2:00,133.379,133.481,133.314,133.439,142.925,91.931,160.881
2023/2/15 3:00,133.439,133.725,133.42,133.672,143,92.119,160.979
2023/2/15 4:00,133.673,134.134,133.636,133.9,143.044,92.173,160.86
2023/2/15 5:00,133.899,134.175,133.858,134.138,143.114,92.103,160.843
2023/2/15 6:00,134.138,134.327,134.045,134.271,143.348,92.353,161.151
2023/2/15 7:00,134.272,134.332,134.152,134.223,143.38,92.508,161.45
2023/2/15 8:00,134.223,134.357,134.191,134.288,143.242,92.446,161.205
2023/2/15 9:00,134.286,134.354,134.191,134.297,143.367,92.621,161.357
2023/2/15 10:00,134.297,134.3,134.137,134.172,143.305,92.592,161.285
2023/2/15 11:00,134.172,134.192,134.106,134.109,143.364,92.633,161.379
2023/2/15 12:00,134.11,134.18,134.087,134.138,143.367,92.581,161.389
2023/2/15 13:00,134.12,134.155,133.869,134,143.234,92.505,161.179
2023/2/15 14:00,133.997,134.036,133.865,133.904,143.156,92.479,161.172
2023/2/15 15:00,133.905,134.117,133.777,134.099,143.341,92.151,161.165
2023/2/15 16:00,134.101,134.164,133.818,133.855,143.29,92.397,161.149
2023/2/15 17:00,133.853,133.869,133.634,133.739,143.266,92.493,161.177
2023/2/15 18:00,133.736,133.817,133.647,133.761,143.249,92.446,161.142
2023/2/15 19:00,133.759,133.846,133.741,133.84,143.301,92.602,161.242
2023/2/15 20:00,133.839,133.984,133.839,133.892,143.341,92.584,161.279
2023/2/15 21:00,133.892,133.996,133.831,133.937,143.308,92.6,161.19
2023/2/15 22:00,133.937,134.012,133.715,133.772,143.257,92.606,161.145
2023/2/15 23:00,133.772,133.903,133.602,133.822,143.282,92.63,161.253
2023/2/16 0:00,133.823,133.96,133.674,133.871,143.245,92.615,161.374
2023/2/16 1:00,133.871,133.951,133.786,133.935,143.392,92.634,161.448
2023/2/16 2:00,133.934,133.987,133.775,133.789,143.224,92.499,161.266
2023/2/16 3:00,133.79,133.959,133.769,133.905,143.196,92.4,161.173
2023/2/16 4:00,133.906,134.345,133.861,134.257,143.375,92.342,160.937
2023/2/16 5:00,134.26,134.461,134.107,134.347,143.253,92.253,160.962
2023/2/16 6:00,134.348,134.45,134.055,134.197,143.224,92.286,161.198
2023/2/16 7:00,134.197,134.225,133.854,133.949,143.101,92.27,160.962
2023/2/16 8:00,133.949,134.03,133.798,133.911,143.19,92.376,160.911
2023/2/16 9:00,133.912,133.993,133.751,133.814,143.07,92.324,160.874
2023/2/16 10:00,133.813,133.843,133.695,133.832,143.069,92.305,160.763
2023/2/16 11:00,133.829,134.032,133.661,133.866,142.883,92.085,160.536
2023/2/16 12:00,133.864,133.975,133.817,133.936,142.936,92.111,160.614
2023/2/16 13:00,133.936,133.992,133.92,133.952,142.945,92.063,160.539
2023/2/16 14:00,133.951,134.164,133.951,134.074,142.989,91.997,160.534
2023/2/16 15:00,134.074,134.317,134.062,134.236,143.095,92.144,160.579
2023/2/16 16:00,134.235,134.669,134.213,134.632,143.428,92.296,160.933
2023/2/16 17:00,134.632,134.69,134.509,134.593,143.353,92.237,160.848
2023/2/16 18:00,134.593,134.71,134.564,134.658,143.447,92.22,160.978
2023/2/16 19:00,134.655,134.807,134.641,134.662,143.254,92.146,160.928
2023/2/16 20:00,134.661,134.756,134.64,134.74,143.338,92.149,160.979
2023/2/16 21:00,134.741,134.774,134.704,134.756,143.306,92.134,160.895
2023/2/16 22:00,134.757,134.896,134.635,134.795,143.475,92.22,160.912
2023/2/16 23:00,134.796,135.03,134.794,134.867,143.555,92.128,160.909
2023/2/17 0:00,134.867,134.972,134.699,134.828,143.416,92.006,161.011
2023/2/17 1:00,134.828,134.955,134.807,134.925,143.577,92.027,161.105
2023/2/17 2:00,134.925,135.116,134.906,135.037,143.48,92.038,161.151
2023/2/17 3:00,135.036,135.041,134.727,134.851,143.211,92.038,161.047
2023/2/17 4:00,134.852,134.852,134.533,134.637,143.27,92.024,161.16
2023/2/17 5:00,134.637,134.683,134.459,134.6,143.216,91.983,161.115
2023/2/17 6:00,134.599,134.605,134.068,134.339,143.233,92.069,161.169
2023/2/17 7:00,134.341,134.411,134.137,134.217,143.304,92.12,161.204
2023/2/17 8:00,134.218,134.271,134.069,134.263,143.371,92.167,161.378
2023/2/17 9:00,134.264,134.292,134.189,134.235,143.435,92.213,161.47
2023/2/17 10:00,134.233,134.239,134.105,134.141,143.481,92.28,161.58
2023/2/17 11:00,134.139,134.189,134.052,134.187,143.504,92.322,161.605
2023/2/17 12:00,134.186,134.214,134.092,134.092,143.451,92.227,161.536
2023/2/19 13:00,134.198,134.292,134.196,134.254,143.524,92.259,161.507
2023/2/19 14:00,134.236,134.331,134.222,134.31,143.495,92.257,161.548
2023/2/19 15:00,134.31,134.473,134.252,134.4,143.523,92.3,161.534
2023/2/19 16:00,134.4,134.538,134.368,134.47,143.556,92.489,161.616
2023/2/19 17:00,134.473,134.532,134.262,134.293,143.477,92.519,161.555
2023/2/19 18:00,134.293,134.385,134.212,134.223,143.375,92.443,161.419
2023/2/19 19:00,134.224,134.244,133.949,134.061,143.263,92.38,161.303
2023/2/19 20:00,134.06,134.14,134.004,134.09,143.351,92.589,161.466
2023/2/19 21:00,134.093,134.165,134.037,134.141,143.402,92.54,161.387
2023/2/19 22:00,134.141,134.182,134.002,134.045,143.445,92.606,161.547
2023/2/19 23:00,134.046,134.368,133.991,134.245,143.543,92.668,161.459
2023/2/20 0:00,134.244,134.246,134.028,134.187,143.303,92.537,161.309
2023/2/20 1:00,134.184,134.26,134.055,134.09,143.314,92.554,161.3
2023/2/20 2:00,134.092,134.101,133.953,134.002,143.181,92.569,161.225
2023/2/20 3:00,134.001,134.152,133.979,134.093,143.088,92.512,161.257
2023/2/20 4:00,134.092,134.13,133.92,134.059,143.176,92.727,161.373
2023/2/20 5:00,134.059,134.105,133.93,133.957,143.179,92.67,161.262
2023/2/20 6:00,133.958,134.089,133.932,134.036,143.233,92.692,161.233
2023/2/20 7:00,134.036,134.11,134.036,134.096,143.321,92.743,161.407
2023/2/20 8:00,134.095,134.239,134.092,134.233,143.431,92.796,161.56
2023/2/20 9:00,134.239,134.241,134.196,134.221,143.39,92.764,161.529
2023/2/20 10:00,134.224,134.23,134.192,134.227,143.454,92.782,161.629
2023/2/20 11:00,134.227,134.273,134.218,134.255,143.44,92.809,161.587
2023/2/20 12:00,134.257,134.295,134.211,134.211,143.371,92.753,161.626
2023/2/20 13:00,134.222,134.263,134.2,134.248,143.463,92.744,161.6
2023/2/20 14:00,134.255,134.338,134.24,134.334,143.504,92.808,161.708
2023/2/20 15:00,134.334,134.436,134.148,134.226,143.318,92.681,161.473
2023/2/20 16:00,134.223,134.476,134.223,134.306,143.357,92.748,161.512
2023/2/20 17:00,134.294,134.486,134.155,134.468,143.397,92.782,161.657
2023/2/20 18:00,134.469,134.493,134.398,134.42,143.385,92.72,161.617
2023/2/20 19:00,134.42,134.446,134.285,134.325,143.314,92.632,161.558
2023/2/20 20:00,134.326,134.436,134.304,134.31,143.362,92.621,161.577
2023/2/20 21:00,134.311,134.511,134.309,134.502,143.533,92.698,161.771
2023/2/20 22:00,134.502,134.701,134.463,134.583,143.609,92.6,161.699
2023/2/20 23:00,134.584,134.845,134.577,134.701,143.601,92.601,161.717
2023/2/21 0:00,134.7,134.739,134.431,134.585,143.506,92.723,162.724
2023/2/21 1:00,134.585,134.703,134.565,134.648,143.389,92.597,162.76
2023/2/21 2:00,134.647,134.702,134.512,134.6,143.453,92.659,162.993
2023/2/21 3:00,134.601,134.795,134.599,134.699,143.594,92.606,163.102
2023/2/21 4:00,134.7,134.894,134.69,134.861,143.673,92.582,163.167
2023/2/21 5:00,134.859,135.227,134.798,135.15,143.918,92.744,163.175
2023/2/21 6:00,135.151,135.171,134.674,134.733,143.977,92.865,163.589
2023/2/21 7:00,134.734,134.894,134.688,134.872,143.732,92.587,163.326
2023/2/21 8:00,134.871,134.909,134.778,134.831,143.742,92.56,163.511
2023/2/21 9:00,134.83,135.037,134.791,134.886,143.569,92.45,163.312
2023/2/21 10:00,134.885,134.978,134.855,134.966,143.723,92.504,163.414
2023/2/21 11:00,134.966,134.966,134.856,134.934,143.651,92.493,163.344
2023/2/21 12:00,134.934,135.024,134.916,135.001,143.753,92.483,163.486
2023/2/21 13:00,135.001,135.002,134.907,134.934,143.714,92.557,163.36
2023/2/21 14:00,134.947,135.019,134.821,134.994,143.806,92.653,163.464
2023/2/21 15:00,134.989,135.061,134.64,134.802,143.695,92.457,163.506
2023/2/21 16:00,134.802,134.829,134.549,134.701,143.585,92.129,163.277
2023/2/21 17:00,134.7,134.913,134.666,134.913,143.785,92.225,163.509
2023/2/21 18:00,134.915,134.946,134.829,134.9,143.821,92.249,163.504
2023/2/21 19:00,134.9,134.945,134.843,134.903,143.806,92.265,163.339
2023/2/21 20:00,134.902,134.964,134.752,134.766,143.659,92.119,163.155
2023/2/21 21:00,134.765,134.895,134.758,134.784,143.663,92.11,163.217
2023/2/21 22:00,134.783,134.822,134.639,134.731,143.558,92.004,163.217
2023/2/21 23:00,134.732,134.928,134.59,134.915,143.645,91.94,162.933
2023/2/22 0:00,134.913,134.995,134.843,134.882,143.505,92.012,162.906
2023/2/22 1:00,134.883,134.961,134.837,134.885,143.336,91.986,162.97
2023/2/22 2:00,134.885,134.887,134.732,134.757,143.275,91.909,162.841
2023/2/22 3:00,134.755,134.802,134.363,134.48,143.213,91.971,162.817
2023/2/22 4:00,134.48,134.65,134.413,134.545,143.265,91.908,162.865
2023/2/22 5:00,134.545,134.651,134.391,134.528,143.293,91.84,162.834
2023/2/22 6:00,134.527,134.697,134.468,134.599,143.061,91.774,162.423
2023/2/22 7:00,134.598,134.785,134.584,134.775,143.191,91.894,162.575
2023/2/22 8:00,134.775,134.801,134.669,134.737,143.222,91.932,162.683
2023/2/22 9:00,134.737,134.775,134.672,134.717,143.162,91.886,162.548
2023/2/22 10:00,134.72,134.951,134.61,134.936,143.067,91.697,162.417
2023/2/22 11:00,134.933,134.985,134.892,134.941,143.102,91.834,162.52
2023/2/22 12:00,134.942,134.966,134.871,134.888,143.077,91.817,162.519
2023/2/22 13:00,134.853,134.899,134.808,134.868,143.052,91.763,162.417
2023/2/22 14:00,134.868,134.947,134.825,134.932,143.097,91.909,162.544
2023/2/22 15:00,134.932,134.959,134.8,134.848,143.098,91.972,162.529
2023/2/22 16:00,134.848,134.897,134.742,134.796,143.149,92.096,162.523
2023/2/22 17:00,134.796,134.824,134.702,134.748,143.137,92.107,162.537
2023/2/22 18:00,134.747,134.776,134.711,134.765,143.15,92.083,162.575
2023/2/22 19:00,134.765,134.822,134.753,134.754,143.171,92.079,162.537
2023/2/22 20:00,134.755,134.886,134.755,134.834,143.224,91.999,162.611
2023/2/22 21:00,134.831,134.833,134.709,134.83,143.22,92.057,162.693
2023/2/22 22:00,134.834,134.911,134.772,134.84,143.154,92.09,162.614
2023/2/22 23:00,134.84,134.923,134.778,134.894,143.064,92.015,162.355
2023/2/23 0:00,134.895,134.904,134.794,134.864,142.83,91.931,162.241
2023/2/23 1:00,134.865,134.933,134.828,134.903,142.966,92.016,162.335
2023/2/23 2:00,134.903,134.991,134.881,134.933,143.079,92.159,162.319
2023/2/23 3:00,134.933,135.074,134.879,134.981,143.265,92.181,162.635
2023/2/23 4:00,134.985,135.364,134.923,135.271,143.486,92.193,162.788
2023/2/23 5:00,135.271,135.302,134.846,134.876,143.062,92.148,162.609
2023/2/23 6:00,134.876,134.949,134.645,134.849,142.892,91.797,162.133
2023/2/23 7:00,134.851,134.913,134.624,134.804,142.655,91.482,161.958
2023/2/23 8:00,134.803,134.873,134.751,134.807,142.693,91.482,161.744
2023/2/23 9:00,134.806,134.874,134.648,134.671,142.595,91.521,161.724
2023/2/23 10:00,134.67,134.693,134.486,134.637,142.656,91.626,161.792
2023/2/23 11:00,134.638,134.686,134.618,134.639,142.762,91.736,161.873
2023/2/23 12:00,134.64,134.742,134.639,134.688,142.7,91.681,161.784
2023/2/23 13:00,134.645,134.731,134.645,134.677,142.693,91.663,161.835
2023/2/23 14:00,134.677,134.679,134.274,134.622,142.662,91.656,161.767
2023/2/23 15:00,134.623,134.92,134.054,134.336,142.487,91.589,161.543
2023/2/23 16:00,134.337,134.91,134.289,134.775,142.879,91.88,161.942
2023/2/23 17:00,134.775,134.822,134.571,134.771,142.812,91.824,161.955
2023/2/23 18:00,134.768,134.784,134.619,134.724,142.801,91.817,161.968
2023/2/23 19:00,134.723,134.73,134.648,134.66,142.736,91.746,161.873
2023/2/23 20:00,134.661,134.754,134.575,134.597,142.639,91.651,161.823
2023/2/23 21:00,134.597,134.755,134.509,134.684,142.742,91.684,161.854
2023/2/23 22:00,134.683,134.843,134.607,134.837,142.781,91.607,162.158
2023/2/23 23:00,134.837,135.087,134.833,135.067,143.022,91.638,162.394
2023/2/24 0:00,135.068,135.256,135.047,135.141,143.06,91.675,162.484
2023/2/24 1:00,135.142,135.184,135.072,135.174,143.097,91.655,162.331
2023/2/24 2:00,135.175,135.447,135.139,135.399,143.244,91.613,162.302
2023/2/24 3:00,135.4,135.692,135.398,135.66,143.344,91.579,162.45
2023/2/24 4:00,135.661,135.986,135.187,135.878,143.399,91.606,162.567
2023/2/24 5:00,135.879,136.462,135.879,136.182,143.63,91.592,162.71
2023/2/24 6:00,136.177,136.411,136.12,136.392,143.782,91.675,162.858
2023/2/24 7:00,136.391,136.397,136.215,136.374,143.791,91.83,162.893
2023/2/24 8:00,136.373,136.476,136.325,136.451,143.912,91.748,162.996
2023/2/24 9:00,136.45,136.519,136.345,136.477,143.915,91.773,162.991
2023/2/24 10:00,136.476,136.501,136.384,136.429,143.94,91.767,162.942
2023/2/24 11:00,136.431,136.441,136.359,136.414,143.871,91.759,162.912
2023/2/24 12:00,136.413,136.503,136.395,136.402,143.906,91.723,162.95
2023/2/26 13:00,136.414,136.496,136.339,136.363,143.788,91.681,162.88
2023/2/26 14:00,136.363,136.44,136.237,136.423,143.967,91.858,163.013
2023/2/26 15:00,136.423,136.554,136.154,136.268,143.825,91.734,162.983
2023/2/26 16:00,136.269,136.3,136.085,136.131,143.743,91.751,162.842
2023/2/26 17:00,136.154,136.235,136,136.189,143.721,91.628,162.806
2023/2/26 18:00,136.188,136.443,136.111,136.352,143.769,91.51,162.867
2023/2/26 19:00,136.354,136.354,136.238,136.306,143.785,91.469,162.867
2023/2/26 20:00,136.307,136.372,136.231,136.351,143.7,91.35,162.772
2023/2/26 21:00,136.35,136.437,136.212,136.366,143.699,91.391,162.701
2023/2/26 22:00,136.366,136.397,136.121,136.187,143.643,91.45,162.804
2023/2/26 23:00,136.186,136.295,135.998,136.271,143.798,91.545,162.877
2023/2/27 0:00,136.272,136.404,136.257,136.385,143.9,91.613,163.3
2023/2/27 1:00,136.385,136.443,136.289,136.293,144.03,91.551,163.239
2023/2/27 2:00,136.293,136.318,136.195,136.255,143.911,91.51,163.289
2023/2/27 3:00,136.254,136.322,136.183,136.316,143.929,91.421,163.282
2023/2/27 4:00,136.316,136.358,135.928,136.066,143.991,91.477,163.532
2023/2/27 5:00,136.066,136.19,135.914,135.964,143.979,91.424,163.431
2023/2/27 6:00,135.974,136.195,135.951,136.074,144.251,91.569,163.632
2023/2/27 7:00,136.072,136.3,136.053,136.181,144.287,91.62,163.883
2023/2/27 8:00,136.18,136.292,136.164,136.179,144.367,91.713,164.215
2023/2/27 9:00,136.178,136.217,136.131,136.186,144.445,91.813,164.207
2023/2/27 10:00,136.186,136.257,136.074,136.242,144.522,91.762,164.276
2023/2/27 11:00,136.242,136.261,136.195,136.251,144.536,91.821,164.286
2023/2/27 12:00,136.252,136.271,136.131,136.194,144.464,91.753,164.231
2023/2/27 13:00,136.195,136.229,136.123,136.184,144.457,91.725,164.185
2023/2/27 14:00,136.184,136.339,136.145,136.32,144.624,91.884,164.425
2023/2/27 15:00,136.321,136.351,136.158,136.182,144.485,91.861,164.265
2023/2/27 16:00,136.181,136.254,136.11,136.205,144.187,91.839,164.164
2023/2/27 17:00,136.205,136.281,136.151,136.276,144.383,91.903,164.264
2023/2/27 18:00,136.274,136.302,136.181,136.23,144.294,91.757,164.172
2023/2/27 19:00,136.229,136.325,136.213,136.237,144.273,91.678,164.126
2023/2/27 20:00,136.238,136.371,136.235,136.308,144.273,91.638,164.113
2023/2/27 21:00,136.309,136.341,136.214,136.335,144.338,91.738,164.225
2023/2/27 22:00,136.334,136.781,136.316,136.747,144.857,91.786,164.591
2023/2/27 23:00,136.749,136.846,136.628,136.71,145.129,91.869,165.183
2023/2/28 0:00,136.705,136.762,136.621,136.736,145.021,91.887,165.095
2023/2/28 1:00,136.732,136.756,136.601,136.728,145.148,92.028,165.502
2023/2/28 2:00,136.727,136.782,136.678,136.771,145.097,92.048,165.426
2023/2/28 3:00,136.77,136.814,136.677,136.687,145.124,92.059,165.425
2023/2/28 4:00,136.687,136.906,136.644,136.704,145.329,92.161,165.706
2023/2/28 5:00,136.702,136.917,136.618,136.71,145.365,92.139,165.868
2023/2/28 6:00,136.71,136.71,136.156,136.205,144.453,91.852,164.908
2023/2/28 7:00,136.205,136.257,136.013,136.097,144.268,91.772,164.559
2023/2/28 8:00,136.097,136.129,135.734,135.805,144.026,91.695,164.314
2023/2/28 9:00,135.805,136.006,135.781,135.961,143.999,91.68,164.031
2023/2/28 10:00,135.962,136.116,135.924,136.111,144.058,91.667,164.064
2023/2/28 11:00,136.111,136.204,136.072,136.132,143.975,91.564,163.728
2023/2/28 12:00,136.133,136.251,136.128,136.197,144.058,91.583,163.735
2023/2/28 13:00,136.196,136.239,136.084,136.191,144.068,91.705,163.895
2023/2/28 14:00,136.192,136.358,136.134,136.344,144.203,91.763,164.057
2023/2/28 15:00,136.344,136.468,136.287,136.363,144.111,91.361,163.849
2023/2/28 16:00,136.363,136.402,136.227,136.291,144.256,91.772,164.008
2023/2/28 17:00,136.291,136.415,136.275,136.4,144.355,91.889,164.028
2023/2/28 18:00,136.399,136.422,136.29,136.368,144.457,92.025,164.173
2023/2/28 19:00,136.367,136.419,136.307,136.384,144.417,92.049,164.202
2023/2/28 20:00,136.385,136.433,136.338,136.421,144.483,92.06,164.253
2023/2/28 21:00,136.421,136.44,136.206,136.32,144.592,92.185,164.289
2023/2/28 22:00,136.32,136.419,135.895,135.921,144.645,91.986,164.163
2023/2/28 23:00,135.922,136.064,135.856,135.891,144.696,91.998,164.144
